request_num,status_code,response_time,success,timestamp,datetime
1,200,1.125324010848999,True,1766511284.166735,2025-12-23 23:04:44.166735
2,200,1.4351072311401367,True,1766511285.7029977,2025-12-23 23:04:45.702998
3,200,1.0706934928894043,True,1766511286.8749123,2025-12-23 23:04:46.874912
4,200,1.1281864643096924,True,1766511288.10676,2025-12-23 23:04:48.106760
5,200,1.1934154033660889,True,1766511289.4010892,2025-12-23 23:04:49.401089
6,200,1.2452828884124756,True,1766511290.753198,2025-12-23 23:04:50.753198
7,200,1.1683659553527832,True,1766511292.022285,2025-12-23 23:04:52.022285
8,200,1.208289623260498,True,1766511293.3315606,2025-12-23 23:04:53.331561
9,200,1.1370844841003418,True,1766511294.5703733,2025-12-23 23:04:54.570373
10,200,0.8973193168640137,True,1766511295.5692587,2025-12-23 23:04:55.569259
11,200,0.7471089363098145,True,1766511296.4193006,2025-12-23 23:04:56.419301
12,200,1.149872064590454,True,1766511297.669498,2025-12-23 23:04:57.669498
13,200,0.8171095848083496,True,1766511298.589248,2025-12-23 23:04:58.589248
14,200,0.7990818023681641,True,1766511299.4897053,2025-12-23 23:04:59.489705
15,429,0.2625110149383545,False,1766511299.8536491,2025-12-23 23:04:59.853649
16,200,0.7750601768493652,True,1766511300.7332127,2025-12-23 23:05:00.733213
17,200,1.117767333984375,True,1766511301.9546592,2025-12-23 23:05:01.954659
18,200,1.1110572814941406,True,1766511303.167443,2025-12-23 23:05:03.167443
19,200,1.153791904449463,True,1766511304.4249773,2025-12-23 23:05:04.424977
20,429,0.2618873119354248,False,1766511304.7888794,2025-12-23 23:05:04.788879
21,200,1.1955807209014893,True,1766511306.089576,2025-12-23 23:05:06.089576
22,200,0.8028616905212402,True,1766511306.9998012,2025-12-23 23:05:06.999801
23,200,1.08447265625,True,1766511308.1880717,2025-12-23 23:05:08.188072
24,200,0.85646653175354,True,1766511309.1461523,2025-12-23 23:05:09.146152
25,200,1.904254674911499,True,1766511311.1515033,2025-12-23 23:05:11.151503
